NO,Question,Correct Answer
1,"Which Smart Tool Holder models are used on CNC-TMV720, and what communication method do they use?",BBT40-v2 BT40-v2 MQTT/Wi-Fi
2,How can the Smart Tool Holder used on CNC-TMV720 be awakened before connecting it?,Shake the Smart Tool Holder so that it exceeds the G-value threshold to wake it up.
3,"When using the Smart Tool Holder on CNC-TMV720, how can the indicator light be used to determine whether it is normally connected?",Blue light
4,How is a normal connection indicated on the Smart Tool Holder? Which Smart Tool Holders are used on CNC-TMV720?,The indicator light is blue. BT40-v2 BBT40-v2
5,"During CNC-VU-5 machining, what does a red light on the Smart Tool Holder indicate?",The MCU has detected a connection problem with one of the internal Sensor ICs.
6,What parameters can be configured when the Smart Tool Holder used on CNC-TMV720 enters configuration mode?,"Router SSID, Password, IP, Port, RF Power Level, G-value threshold, polling interval, and sleep time."
7,How do you start recording Smart Tool Holder sensor data on CNC-TMV720?,Press START RECORD.
8,"If the sensor data for SBIR_RoughCut_01 are to be stored in VTR, what is the default raw-data path?",C:\VTR\RawData\Source\Data\*.txt
9,"During CNC-VU-5 machining, what may be affected if the Smart Tool Holder signal is insufficient?",Connection interruption or incomplete data.
10,"If the Smart Tool Holder data for SBIR_RoughCut_01 are subsequently organized into CSV format, which fields are available?","TimeTag, CH1, CH2, BendingX, BendingY, Torque"
11,"During CNC-VU-5 machining, how can control limits be added to the Smart Tool Holder data?",Press ADD UCL LCL.
12,"In the plan settings for SBIR_RoughCut_01, what settings are completed using STH, TID, and BIND, respectively?",STH: Select the Smart Tool Holder MAC. TID: Select the tool number. BIND: Bind the Smart Tool Holder to the tool.
13,"During CW machining, how can RSSI be used to determine whether the signal strength between the Smart Tool Holder and the Router is sufficient?","When RSSI > -50 dB, the signal strength between the Smart Tool Holder and the Router is sufficient. When RSSI ≤ -50 dB, the signal strength is insufficient and may cause connection interruptions or incomplete data."
14,"During Tongtai machining, if the holder does not show any indicator light, how should it be diagnosed on site?","Connect the holder to the charging dock and complete charging. After charging is complete, remove it and shake it again."
15,"When creating Smart Tool Holder monitoring data for 2026SBIR, which NC files should be selected first, and how should recording be started?",SBIR_RoughCut_01 SBIR_FinishCut_01 Press START RECORD.
16,"Before recording Smart Tool Holder data for SBIR_FinishCut_01, which binding operations must be completed first?","On the Plan Settings page, select the Smart Tool Holder MAC under STH, select the tool number under TID, and then press the BIND button to complete the binding."
17,"If the quality of the Smart Tool Holder monitoring data for SBIR_FinishCut_01 is unstable, how can it be determined?",Signal-strength determination (RSSI > -50 dB)
18,"During CNC-VU-5 machining, what should be done if the system cannot scan the Smart Tool Holder?","Confirm that the holder has entered Idle Mode and check Networking (TCP/IP settings), MessageBroking (MQTT settings), IP address 10.0.0.103, and subnet mask 255.255.255.0."
19,How should 2026FlexSpline be configured if the original Smart Tool Holder data records need to be retained?,"Check ""Record the Raw Data?"""
20,How can the monitoring data for FlexSplineNCFile_01 be used to determine whether the quality is acceptable?,"Use the Quality value. If the differences among all channels are within the acceptable range, the quality is acceptable (shown as 1); otherwise, the quality is unacceptable (shown as -1)."
21,"When using a Smart Tool Holder for 2026FlexSpline, which storage setting should be enabled to back up Raw Files to another folder?",Backup Raw Files to Another Folder
22,"When using a Smart Tool Holder for 2026FlexSpline, which chart fields are displayed in the Charts section of History View?","Torque (Nm), Bending X (KNm), Bending Y (KNm), CH1 (mV), CH2 (mV)"
23,"When analyzing the simulation results of FlexSplineNCFile_01, which charts can be viewed on the Simulation Analysis page?",Moment Z、Moment Y、Coordinate X、Coordinate Y、Coordinate Z
24,How can the time range of the monitoring data for FlexSplineNCFile_01 be determined?,Review the Start Time and End Time in the history data to determine the exact time range of the test.
25,"When processing CNC-T21iFb machining data, where in VTR are the error logs and message logs located?",C:\VTR\Logs
26,"When 2026FlexSpline is monitored using the BBT40-v2 Smart Tool Holder, what does it mean if the real-time monitoring status shows Hold?","It means the current signal is unstable or the connection to the STH has been interrupted, resulting in incomplete received data."
27,The Smart Tool Holder on CNC-VU-5 uses MQTT communication. What is the default communication port?,1883
28,"When 2026FlexSpline is used with the BBT40-v2 Smart Tool Holder, which operating mode may the holder enter if it has not been used for a long time?",Sleep mode.
29,"When 2026SBIR uses a Smart Tool Holder to communicate with VTR, how should Windows Firewall be configured to allow MQTT to connect normally?",Add an inbound rule to allow communication on Port 1883.
30,"During CNC-VU-5 machining, the Smart Tool Holder shows a red light. After confirming that the issue is a Sensor IC connection problem, what should be done next?",Replace the Sensor IC.
